,number_of_mutations,ns_changes,SA,AF-W,AF-C,AF-NE,AF-E,AS-S-E,AS-S-FE,AS-SE-W,AS-SE-E,OC-NG,Total,ns_changes_list,sample_names
0,0,,76,1770,346,2,10,5,6,2,106,9,2332,[''],"7G8
GB4
3D7"
1,1,K540E,0,34,23,91,907,0,166,35,135,157,1548,['K540E'],
2,2,K540N/A581G,0,0,0,0,0,0,4,82,1375,0,1461,"['K540N', 'A581G']",
3,2,S436A/K540E,0,0,0,0,1,3,515,449,467,0,1435,"['S436A', 'K540E']",
4,1,G437A,58,279,12,20,150,154,135,5,533,87,1433,['G437A'],"HB3
IT"
5,2,K540E/A581G,4,0,11,12,134,0,77,1106,65,0,1409,"['K540E', 'A581G']",
6,1,S436A,0,943,19,0,1,2,15,0,224,0,1204,['S436A'],
7,2,S436A/G437A,0,636,5,3,21,0,0,0,20,0,685,"['S436A', 'G437A']",
8,1,A581G,6,0,0,0,4,4,150,22,31,0,217,['A581G'],
9,2,S436A/A613S,0,202,0,0,0,0,0,0,0,0,202,"['S436A', 'A613S']",
10,1,D545N,0,0,0,0,0,0,0,0,120,0,120,['D545N'],
11,4,I431V/S436A/A581G/A613S,0,72,4,0,0,0,0,0,0,0,76,"['I431V', 'S436A', 'A581G', 'A613S']",
12,3,S436F/K540E/A613S,0,0,0,0,0,0,0,0,41,0,41,"['S436F', 'K540E', 'A613S']",
13,3,S436A/K540E/A613T,0,0,0,0,0,0,0,0,30,0,30,"['S436A', 'K540E', 'A613T']",
14,1,I484T,0,27,0,0,0,0,0,0,0,0,27,['I484T'],
15,3,S436F/G437A/A613S,0,16,0,0,1,0,0,0,7,0,24,"['S436F', 'G437A', 'A613S']",
16,3,E189Q/S436A/G437A,0,24,0,0,0,0,0,0,0,0,24,"['E189Q', 'S436A', 'G437A']",
17,2,S436A/K540N,0,0,0,0,0,0,7,17,0,0,24,"['S436A', 'K540N']",
18,2,S436C/G437A,0,16,0,0,0,0,0,0,1,4,21,"['S436C', 'G437A']",
19,2,I431V/S436A,0,20,0,0,0,0,0,0,0,0,20,"['I431V', 'S436A']",
20,2,K540E/I588F,0,0,0,0,0,0,0,0,0,17,17,"['K540E', 'I588F']",
21,2,S436H/K540E,0,0,0,7,0,0,0,0,0,9,16,"['S436H', 'K540E']",
22,1,S152I,0,16,0,0,0,0,0,0,0,0,16,['S152I'],
23,3,S436Y/G437A/A613S,0,13,0,0,0,0,0,0,0,0,13,"['S436Y', 'G437A', 'A613S']",
24,1,K540Y,0,0,0,0,0,0,0,0,8,0,8,['K540Y'],
25,2,D280N/G437A,0,7,0,0,0,0,0,0,0,0,7,"['D280N', 'G437A']",
26,1,E189Q,0,7,0,0,0,0,0,0,0,0,7,['E189Q'],
27,2,S436A/A613T,0,0,0,0,0,0,0,0,6,0,6,"['S436A', 'A613T']",
28,2,V58A/G437A,0,0,0,0,0,0,0,0,6,0,6,"['V58A', 'G437A']",
29,2,P302T/G437A,0,0,0,0,0,0,0,0,6,0,6,"['P302T', 'G437A']",
30,3,S436F/K540E/A613T,0,0,0,0,0,0,0,4,2,0,6,"['S436F', 'K540E', 'A613T']",
31,3,S358N/S436A/K540E,0,0,0,0,0,0,6,0,0,0,6,"['S358N', 'S436A', 'K540E']",
32,2,M309V/G437A,0,0,0,0,0,0,0,0,0,5,5,"['M309V', 'G437A']",
33,1,D278N,0,0,0,0,0,0,0,0,0,5,5,['D278N'],
34,1,A613S,0,4,0,0,0,0,0,0,0,0,4,['A613S'],
35,3,I431V/S436A/A613S,0,4,0,0,0,0,0,0,0,0,4,"['I431V', 'S436A', 'A613S']",
36,2,R243K/G437A,0,3,0,0,0,0,0,0,0,0,3,"['R243K', 'G437A']",
37,3,N29Y/K540E/A581G,0,0,0,0,0,0,0,3,0,0,3,"['N29Y', 'K540E', 'A581G']",
38,3,S436A/A581G/A613S,0,3,0,0,0,0,0,0,0,0,3,"['S436A', 'A581G', 'A613S']",
39,3,S436A/G437A/A613S,0,2,0,0,0,0,0,0,0,0,2,"['S436A', 'G437A', 'A613S']",
40,3,L22F/S436A/G437A,0,2,0,0,0,0,0,0,0,0,2,"['L22F', 'S436A', 'G437A']",
41,3,R243S/S436A/G437A,0,2,0,0,0,0,0,0,0,0,2,"['R243S', 'S436A', 'G437A']",
42,2,S436F/G437A,0,0,0,0,0,0,0,0,2,0,2,"['S436F', 'G437A']",
43,2,N13K/G437A,0,1,0,0,0,0,1,0,0,0,2,"['N13K', 'G437A']",
44,2,G437A/V471L,0,2,0,0,0,0,0,0,0,0,2,"['G437A', 'V471L']",
45,1,I441M,0,1,0,0,0,0,0,0,0,0,1,['I441M'],
46,3,S436A/G437A/A672G,0,1,0,0,0,0,0,0,0,0,1,"['S436A', 'G437A', 'A672G']",
47,2,S436H/G437A,0,0,0,0,1,0,0,0,0,0,1,"['S436H', 'G437A']",
48,1,D642N,0,0,0,0,0,0,0,0,0,1,1,['D642N'],
49,2,C351Y/S436A,0,0,1,0,0,0,0,0,0,0,1,"['C351Y', 'S436A']",
50,1,D311G,0,1,0,0,0,0,0,0,0,0,1,['D311G'],
51,3,S436F/K540N/A613S,0,0,0,0,0,0,0,0,1,0,1,"['S436F', 'K540N', 'A613S']",
52,3,K540E/V548I/A581G,0,0,0,0,0,0,0,1,0,0,1,"['K540E', 'V548I', 'A581G']",
53,2,D105H/G437A,0,1,0,0,0,0,0,0,0,0,1,"['D105H', 'G437A']",
54,2,D250V/G437A,0,1,0,0,0,0,0,0,0,0,1,"['D250V', 'G437A']",
55,2,D278N/G437A,0,0,0,0,0,0,0,0,0,1,1,"['D278N', 'G437A']",
56,2,K106I/K540E,0,1,0,0,0,0,0,0,0,0,1,"['K106I', 'K540E']",
57,4,S436A/G437A/A581G/A613S,0,1,0,0,0,0,0,0,0,0,1,"['S436A', 'G437A', 'A581G', 'A613S']",
58,2,I277T/S436A,0,1,0,0,0,0,0,0,0,0,1,"['I277T', 'S436A']",
59,2,E189Q/G437A,0,1,0,0,0,0,0,0,0,0,1,"['E189Q', 'G437A']",
60,2,I277L/G437A,0,1,0,0,0,0,0,0,0,0,1,"['I277L', 'G437A']",
61,2,L166M/G437A,0,0,0,0,1,0,0,0,0,0,1,"['L166M', 'G437A']",
62,2,L263I/G437A,0,1,0,0,0,0,0,0,0,0,1,"['L263I', 'G437A']",
63,2,G437A/K540E,0,0,0,0,1,0,0,0,0,0,1,"['G437A', 'K540E']",
64,2,G437A/I470N,0,0,0,0,0,0,1,0,0,0,1,"['G437A', 'I470N']",
65,2,R243S/G437A,0,1,0,0,0,0,0,0,0,0,1,"['R243S', 'G437A']",
66,2,R27K/G437A,0,1,0,0,0,0,0,0,0,0,1,"['R27K', 'G437A']",
67,2,R78H/G437A,0,1,0,0,0,0,0,0,0,0,1,"['R78H', 'G437A']",
68,2,S10F/G437A,0,0,0,0,1,0,0,0,0,0,1,"['S10F', 'G437A']",
69,2,G437A/D642N,0,0,0,0,0,0,0,0,0,1,1,"['G437A', 'D642N']",
70,2,G437A/A581G,0,0,0,0,0,0,1,0,0,0,1,"['G437A', 'A581G']",
71,2,S436A/D698Y,0,0,0,0,0,0,0,0,1,0,1,"['S436A', 'D698Y']",
72,2,G117E/G437A,0,1,0,0,0,0,0,0,0,0,1,"['G117E', 'G437A']",
73,2,E71Q/G437A,0,0,0,0,1,0,0,0,0,0,1,"['E71Q', 'G437A']",
74,2,S436A/K540I,0,0,0,0,0,0,0,1,0,0,1,"['S436A', 'K540I']",
75,2,E189Q/S436A,0,1,0,0,0,0,0,0,0,0,1,"['E189Q', 'S436A']",
76,1,s436a,0,0,0,0,0,0,0,0,0,0,0,['s436a'],
77,2,S436F/A613S,0,0,0,0,0,0,0,0,0,0,0,"['S436F', 'A613S']",Dd2
